Order_ID,Product,Category,Unit_Price,Quantity,Total_Amount,Order_Date,City,Payment_Method
1000,Tablet,Electronics,51786,1,51786,2024-07-12,Chennai,UPI
1001,Laptop,Electronics,21421,4,85684,2024-09-19,Hyderabad,Cash
1002,Tablet,Electronics,46230,3,138690,2024-08-30,Hyderabad,Cash
1003,Printer,Electronics,49680,2,99360,2024-10-29,Pune,Card
1004,Printer,Electronics,43003,3,129009,2024-08-21,Kolkata,UPI
1005,Printer,Electronics,52996,4,211984,2024-11-20,Pune,Card
1006,Mouse,Accessories,45877,5,229385,2024-02-16,Kolkata,Card
1007,TV,Electronics,29145,5,145725,2024-08-22,Bangalore,NetBanking
1008,Camera,Electronics,46416,3,139248,2024-05-02,Chennai,Cash
1009,Printer,Electronics,19525,4,78100,2024-12-12,Bangalore,UPI
1010,Smartphone,Electronics,32932,4,131728,2024-10-10,Bangalore,Cash
1011,Smartwatch,Accessories,2659,1,2659,2024-10-01,Pune,Cash
1012,Headphones,Accessories,47597,1,47597,2024-07-18,Hyderabad,Card
1013,TV,Electronics,49365,5,246825,2024-09-21,Chennai,Cash
1014,Keyboard,Accessories,50500,4,202000,2024-02-02,Bangalore,NetBanking
1015,Keyboard,Accessories,47285,5,236425,2024-12-05,Mumbai,UPI
1016,Printer,Electronics,18419,5,92095,2024-01-05,Hyderabad,UPI
1017,Smartwatch,Accessories,40470,4,161880,2024-01-25,Bangalore,NetBanking
1018,Mouse,Accessories,50255,2,100510,2024-01-04,Delhi,Cash
1019,Laptop,Electronics,36998,4,147992,2024-08-26,Kolkata,UPI
1020,Printer,Electronics,55951,2,111902,2024-10-27,Kolkata,NetBanking
1021,Mouse,Accessories,23186,2,46372,2024-02-07,Chennai,NetBanking
1022,Printer,Electronics,12931,1,12931,2024-09-06,Mumbai,UPI
1023,Smartwatch,Accessories,54173,3,162519,2024-08-08,Chennai,Cash
1024,Laptop,Electronics,14854,2,29708,2024-01-07,Jaipur,Cash
1025,Smartphone,Electronics,31791,4,127164,2024-09-05,Mumbai,Card
1026,Mouse,Accessories,40311,1,40311,2024-02-25,Kolkata,NetBanking
1027,Camera,Electronics,59436,5,297180,2024-02-24,Pune,Cash
1028,Headphones,Accessories,13271,5,66355,2024-01-15,Mumbai,NetBanking
1029,Laptop,Electronics,9254,2,18508,2024-12-14,Delhi,Cash
1030,Headphones,Accessories,26535,5,132675,2024-04-09,Chennai,Card
1031,Smartwatch,Accessories,45907,3,137721,2024-10-21,Chennai,UPI
1032,Printer,Electronics,17900,5,89500,2024-04-30,Pune,NetBanking
1033,TV,Electronics,45201,4,180804,2024-11-07,Kolkata,Card
1034,Keyboard,Accessories,7787,3,23361,2024-08-05,Delhi,Cash
1035,Printer,Electronics,13715,2,27430,2024-11-10,Pune,Cash
1036,TV,Electronics,47616,2,95232,2024-09-03,Chennai,UPI
1037,Printer,Electronics,13260,5,66300,2024-12-03,Pune,Cash
1038,Tablet,Electronics,15629,1,15629,2024-02-29,Delhi,NetBanking
1039,Mouse,Accessories,25204,2,50408,2024-07-21,Mumbai,Cash
1040,Tablet,Electronics,41020,2,82040,2024-12-30,Jaipur,Card
1041,Camera,Electronics,42527,5,212635,2024-04-28,Mumbai,UPI
1042,Tablet,Electronics,33813,4,135252,2024-12-26,Kolkata,UPI
1043,Camera,Electronics,14220,1,14220,2024-03-26,Kolkata,UPI
1044,Laptop,Electronics,33989,1,33989,2024-05-14,Delhi,UPI
1045,Headphones,Accessories,55808,4,223232,2024-04-07,Kolkata,Card
1046,Smartphone,Electronics,28900,3,86700,2024-10-10,Bangalore,Cash
1047,Keyboard,Accessories,9212,3,27636,2024-01-05,Delhi,NetBanking
1048,Camera,Electronics,1285,5,6425,2024-11-13,Bangalore,Card
1049,Smartphone,Electronics,5060,1,5060,2024-07-16,Mumbai,Card
1050,Keyboard,Accessories,50460,3,151380,2024-07-28,Bangalore,NetBanking
1051,Smartphone,Electronics,55507,1,55507,2024-06-12,Bangalore,Card
1052,Printer,Electronics,35711,2,71422,2024-10-11,Pune,NetBanking
1053,Mouse,Accessories,10491,3,31473,2024-01-16,Jaipur,UPI
1054,Smartwatch,Accessories,15550,2,31100,2024-02-28,Bangalore,Cash
1055,Laptop,Electronics,14572,2,29144,2024-11-18,Pune,Cash
1056,Smartphone,Electronics,48403,2,96806,2024-12-24,Kolkata,NetBanking
1057,Headphones,Accessories,7096,1,7096,2024-10-19,Hyderabad,UPI
1058,Tablet,Electronics,26856,2,53712,2024-04-11,Jaipur,Card
1059,Camera,Electronics,11377,3,34131,2024-12-18,Kolkata,Cash
1060,Camera,Electronics,48911,3,146733,2024-10-30,Delhi,Cash
1061,Smartwatch,Accessories,32652,3,97956,2024-08-17,Chennai,NetBanking
1062,Printer,Electronics,4765,5,23825,2024-12-18,Jaipur,UPI
1063,TV,Electronics,31392,5,156960,2024-07-11,Jaipur,Cash
1064,Laptop,Electronics,22022,2,44044,2024-09-13,Delhi,NetBanking
1065,Smartwatch,Accessories,2804,3,8412,2024-06-09,Mumbai,UPI
1066,TV,Electronics,36223,1,36223,2024-04-12,Delhi,Cash
1067,TV,Electronics,1033,2,2066,2024-08-23,Jaipur,NetBanking
1068,Headphones,Accessories,36132,5,180660,2024-11-15,Kolkata,NetBanking
1069,Tablet,Electronics,52045,3,156135,2024-11-17,Chennai,NetBanking
1070,Camera,Electronics,16607,5,83035,2024-07-23,Mumbai,Card
1071,Printer,Electronics,45056,1,45056,2024-10-29,Chennai,Card
1072,Headphones,Accessories,59739,1,59739,2024-01-12,Chennai,Cash
1073,Headphones,Accessories,32530,2,65060,2024-08-28,Mumbai,UPI
1074,Camera,Electronics,27794,5,138970,2024-12-27,Chennai,NetBanking
1075,Headphones,Accessories,2924,1,2924,2024-12-11,Mumbai,Cash
1076,Printer,Electronics,14158,1,14158,2024-08-22,Kolkata,NetBanking
1077,Tablet,Electronics,18228,4,72912,2024-06-12,Chennai,Cash
1078,Camera,Electronics,13675,2,27350,2024-01-01,Jaipur,Card
1079,Printer,Electronics,21147,3,63441,2024-08-08,Pune,NetBanking
1080,Laptop,Electronics,4543,1,4543,2024-11-07,Chennai,UPI
1081,Smartwatch,Accessories,8593,5,42965,2024-08-10,Jaipur,Cash
1082,TV,Electronics,12493,2,24986,2024-01-08,Pune,Cash
1083,Smartwatch,Accessories,47935,2,95870,2024-07-19,Hyderabad,Card
1084,Printer,Electronics,41618,4,166472,2024-04-09,Pune,Card
1085,Camera,Electronics,35103,3,105309,2024-04-27,Chennai,Cash
1086,Camera,Electronics,22261,3,66783,2024-05-30,Mumbai,NetBanking
1087,Camera,Electronics,29298,1,29298,2024-12-17,Hyderabad,Cash
1088,Smartphone,Electronics,40012,3,120036,2024-10-17,Hyderabad,Card
1089,Camera,Electronics,27068,3,81204,2024-03-05,Mumbai,NetBanking
1090,Laptop,Electronics,32746,3,98238,2024-07-28,Jaipur,Card
1091,Laptop,Electronics,27529,4,110116,2024-06-23,Jaipur,Card
1092,Printer,Electronics,39407,5,197035,2024-08-26,Hyderabad,UPI
1093,TV,Electronics,21277,3,63831,2024-08-17,Pune,Cash
1094,Printer,Electronics,40817,2,81634,2024-12-26,Pune,Cash
1095,Laptop,Electronics,40848,2,81696,2024-12-20,Hyderabad,NetBanking
1096,Camera,Electronics,36898,2,73796,2024-12-24,Mumbai,Card
1097,Tablet,Electronics,45303,2,90606,2024-01-14,Jaipur,UPI
1098,Mouse,Accessories,38053,3,114159,2024-09-05,Mumbai,Cash
1099,Laptop,Electronics,56227,5,281135,2024-07-30,Delhi,Cash
1100,Printer,Electronics,50145,1,50145,2024-08-13,Kolkata,NetBanking
1101,Printer,Electronics,53704,3,161112,2024-03-26,Jaipur,UPI
1102,Keyboard,Accessories,1458,3,4374,2024-07-20,Mumbai,UPI
1103,TV,Electronics,9267,4,37068,2024-06-16,Mumbai,Cash
1104,Keyboard,Accessories,47643,2,95286,2024-05-28,Mumbai,NetBanking
1105,Printer,Electronics,48490,2,96980,2024-11-25,Mumbai,UPI
1106,Smartphone,Electronics,5946,3,17838,2024-01-24,Hyderabad,NetBanking
1107,Smartwatch,Accessories,18318,3,54954,2024-06-26,Jaipur,Card
1108,TV,Electronics,19333,1,19333,2024-05-13,Mumbai,Cash
1109,Printer,Electronics,36021,3,108063,2024-08-26,Delhi,NetBanking
1110,Tablet,Electronics,29774,2,59548,2024-02-04,Kolkata,Card
1111,Smartphone,Electronics,23576,2,47152,2024-09-16,Mumbai,Card
1112,Keyboard,Accessories,41390,3,124170,2024-03-04,Kolkata,Cash
1113,Smartwatch,Accessories,19291,5,96455,2024-09-26,Jaipur,UPI
1114,Tablet,Electronics,37190,4,148760,2024-09-19,Bangalore,Card
1115,Smartwatch,Accessories,23670,2,47340,2024-04-19,Bangalore,Card
1116,Laptop,Electronics,59876,2,119752,2024-07-14,Delhi,UPI
1117,Keyboard,Accessories,18381,1,18381,2024-08-26,Jaipur,NetBanking
1118,Smartwatch,Accessories,25987,4,103948,2024-05-23,Chennai,NetBanking
1119,Camera,Electronics,44844,2,89688,2024-09-20,Mumbai,Card
1120,Laptop,Electronics,47690,1,47690,2024-05-12,Pune,Cash
1121,Smartwatch,Accessories,56927,2,113854,2024-03-18,Chennai,UPI
1122,Camera,Electronics,12289,3,36867,2024-06-03,Bangalore,Card
1123,Keyboard,Accessories,31583,5,157915,2024-04-25,Chennai,UPI
1124,Camera,Electronics,28011,5,140055,2024-11-04,Jaipur,UPI
1125,TV,Electronics,41049,1,41049,2024-05-19,Mumbai,Cash
1126,Camera,Electronics,31518,5,157590,2024-04-03,Bangalore,UPI
1127,Laptop,Electronics,55484,1,55484,2024-05-05,Jaipur,NetBanking
1128,Headphones,Accessories,21081,1,21081,2024-01-13,Kolkata,NetBanking
1129,Keyboard,Accessories,20314,1,20314,2024-08-17,Pune,Card
1130,Mouse,Accessories,30009,4,120036,2024-07-16,Hyderabad,UPI
1131,TV,Electronics,39604,1,39604,2024-12-11,Jaipur,NetBanking
1132,Laptop,Electronics,44483,4,177932,2024-07-19,Hyderabad,Cash
1133,Camera,Electronics,35060,2,70120,2024-05-25,Pune,Cash
1134,Tablet,Electronics,29532,5,147660,2024-01-10,Chennai,UPI
1135,Printer,Electronics,56092,1,56092,2024-03-25,Hyderabad,UPI
1136,Laptop,Electronics,53647,2,107294,2024-02-11,Hyderabad,NetBanking
1137,Camera,Electronics,13840,1,13840,2024-11-19,Jaipur,Cash
1138,Smartwatch,Accessories,46250,5,231250,2024-02-07,Mumbai,Card
1139,Keyboard,Accessories,35130,2,70260,2024-06-14,Delhi,NetBanking
1140,Mouse,Accessories,45214,2,90428,2024-09-22,Bangalore,Card
1141,Camera,Electronics,42631,2,85262,2024-05-10,Hyderabad,NetBanking
1142,Printer,Electronics,54572,4,218288,2024-03-09,Delhi,UPI
1143,Printer,Electronics,38152,4,152608,2024-11-24,Bangalore,NetBanking
1144,Smartwatch,Accessories,37373,4,149492,2024-06-28,Delhi,NetBanking
1145,Printer,Electronics,10766,4,43064,2024-08-10,Hyderabad,UPI
1146,Laptop,Electronics,18880,3,56640,2024-05-20,Kolkata,Cash
1147,Headphones,Accessories,33363,4,133452,2024-09-03,Mumbai,UPI
1148,Smartwatch,Accessories,53872,3,161616,2024-06-06,Mumbai,NetBanking
1149,Keyboard,Accessories,21025,5,105125,2024-09-03,Bangalore,NetBanking
1150,Camera,Electronics,20082,5,100410,2024-10-31,Hyderabad,UPI
1151,Smartwatch,Accessories,35629,3,106887,2024-01-13,Bangalore,Cash
1152,Tablet,Electronics,39752,2,79504,2024-08-09,Kolkata,Card
1153,TV,Electronics,26058,5,130290,2024-03-19,Mumbai,Card
1154,Camera,Electronics,8489,4,33956,2024-06-14,Jaipur,Cash
1155,Keyboard,Accessories,9431,2,18862,2024-01-31,Hyderabad,Cash
1156,Laptop,Electronics,10779,4,43116,2024-08-03,Chennai,Cash
1157,Laptop,Electronics,59960,1,59960,2024-12-19,Jaipur,Cash
1158,Smartwatch,Accessories,4220,1,4220,2024-12-06,Delhi,NetBanking
1159,Laptop,Electronics,12609,2,25218,2024-04-30,Hyderabad,UPI
1160,TV,Electronics,37161,5,185805,2024-05-13,Hyderabad,NetBanking
1161,Tablet,Electronics,2970,3,8910,2024-04-12,Mumbai,NetBanking
1162,Mouse,Accessories,25017,1,25017,2024-01-27,Delhi,UPI
1163,Tablet,Electronics,34393,5,171965,2024-07-23,Kolkata,Cash
1164,Tablet,Electronics,19221,4,76884,2024-09-17,Bangalore,NetBanking
1165,Headphones,Accessories,4349,3,13047,2024-11-07,Bangalore,Cash
1166,TV,Electronics,21355,2,42710,2024-09-17,Bangalore,Cash
1167,Mouse,Accessories,28849,5,144245,2024-11-02,Bangalore,Cash
1168,Smartwatch,Accessories,23957,5,119785,2024-05-01,Jaipur,Card
1169,Smartphone,Electronics,15749,1,15749,2024-03-21,Delhi,Card
1170,Camera,Electronics,46357,3,139071,2024-07-09,Mumbai,Card
1171,Mouse,Accessories,48866,2,97732,2024-07-20,Mumbai,NetBanking
1172,Printer,Electronics,27070,5,135350,2024-07-15,Mumbai,UPI
1173,Laptop,Electronics,44272,2,88544,2024-03-21,Jaipur,NetBanking
1174,Laptop,Electronics,7639,3,22917,2024-05-30,Mumbai,UPI
1175,TV,Electronics,19780,1,19780,2024-06-23,Hyderabad,NetBanking
1176,Camera,Electronics,9454,2,18908,2024-01-15,Delhi,Card
1177,TV,Electronics,40622,4,162488,2024-02-18,Delhi,NetBanking
1178,TV,Electronics,58819,3,176457,2024-05-23,Delhi,UPI
1179,Tablet,Electronics,29582,4,118328,2024-03-04,Chennai,NetBanking
1180,Printer,Electronics,13727,2,27454,2024-11-19,Jaipur,Card
1181,Tablet,Electronics,24515,2,49030,2024-05-25,Bangalore,UPI
1182,Keyboard,Accessories,8205,1,8205,2024-03-19,Mumbai,UPI
1183,Smartphone,Electronics,33579,2,67158,2024-08-31,Pune,NetBanking
1184,Camera,Electronics,41898,4,167592,2024-08-10,Jaipur,Card
1185,Printer,Electronics,34147,3,102441,2024-09-08,Hyderabad,Cash
1186,Camera,Electronics,55046,1,55046,2024-10-16,Chennai,UPI
1187,Keyboard,Accessories,56362,3,169086,2024-12-11,Chennai,Cash
1188,Printer,Electronics,46485,2,92970,2024-06-02,Pune,Card
1189,Laptop,Electronics,42430,2,84860,2024-02-27,Mumbai,UPI
1190,Mouse,Accessories,8566,2,17132,2024-08-12,Bangalore,Card
1191,Smartwatch,Accessories,6942,1,6942,2024-11-02,Kolkata,Card
1192,Printer,Electronics,13137,3,39411,2024-04-06,Hyderabad,Cash
1193,Headphones,Accessories,30857,3,92571,2024-09-12,Jaipur,Cash
1194,Keyboard,Accessories,22910,5,114550,2024-01-17,Chennai,UPI
1195,Headphones,Accessories,24685,2,49370,2024-01-14,Hyderabad,NetBanking
1196,Camera,Electronics,53710,2,107420,2024-04-27,Chennai,UPI
1197,Headphones,Accessories,45132,5,225660,2024-07-09,Delhi,Cash
1198,Keyboard,Accessories,35083,3,105249,2024-01-10,Pune,UPI
1199,Laptop,Electronics,38855,3,116565,2024-03-07,Jaipur,Cash
1200,Headphones,Accessories,4058,2,8116,2024-05-12,Bangalore,UPI
1201,Smartphone,Electronics,32552,3,97656,2024-11-29,Hyderabad,Cash
1202,Printer,Electronics,50759,2,101518,2024-12-14,Jaipur,Card
1203,Smartphone,Electronics,45383,3,136149,2024-01-03,Delhi,Card
1204,Keyboard,Accessories,34925,5,174625,2024-11-22,Pune,UPI
1205,Camera,Electronics,29783,5,148915,2024-02-10,Pune,Card
1206,TV,Electronics,6529,3,19587,2024-09-15,Kolkata,Card
1207,Keyboard,Accessories,24668,5,123340,2024-09-25,Mumbai,Cash
1208,Smartphone,Electronics,55466,2,110932,2024-06-16,Delhi,Card
1209,Keyboard,Accessories,36990,1,36990,2024-02-17,Pune,Cash
1210,Printer,Electronics,58390,1,58390,2024-08-28,Pune,Cash
1211,Smartphone,Electronics,40288,5,201440,2024-02-29,Bangalore,UPI
1212,Camera,Electronics,57375,5,286875,2024-06-13,Pune,Cash
1213,Camera,Electronics,56155,3,168465,2024-03-25,Pune,NetBanking
1214,Tablet,Electronics,23363,1,23363,2024-08-17,Bangalore,Cash
1215,Camera,Electronics,11126,5,55630,2024-01-28,Delhi,NetBanking
1216,Smartphone,Electronics,5274,3,15822,2024-11-02,Delhi,UPI
1217,Headphones,Accessories,42130,1,42130,2024-01-21,Delhi,UPI
1218,Printer,Electronics,51149,3,153447,2024-07-11,Mumbai,UPI
1219,Smartphone,Electronics,11408,3,34224,2024-10-13,Chennai,UPI
1220,Laptop,Electronics,31374,3,94122,2024-06-08,Mumbai,Cash
1221,Headphones,Accessories,46743,2,93486,2024-11-06,Kolkata,NetBanking
1222,Printer,Electronics,34791,4,139164,2024-12-04,Kolkata,UPI
1223,Printer,Electronics,3792,4,15168,2024-04-02,Bangalore,Card
1224,TV,Electronics,54163,4,216652,2024-08-11,Jaipur,Card
1225,Smartphone,Electronics,21402,2,42804,2024-08-30,Jaipur,NetBanking
1226,Tablet,Electronics,1254,4,5016,2024-12-27,Delhi,UPI
1227,Headphones,Accessories,19161,2,38322,2024-09-26,Hyderabad,UPI
1228,Keyboard,Accessories,39840,4,159360,2024-06-07,Bangalore,UPI
1229,Smartwatch,Accessories,17067,2,34134,2024-08-01,Hyderabad,Cash
1230,Laptop,Electronics,31248,5,156240,2024-02-13,Delhi,Card
1231,Smartwatch,Accessories,37291,2,74582,2024-09-08,Pune,Cash
1232,Camera,Electronics,8757,4,35028,2024-07-13,Delhi,NetBanking
1233,Mouse,Accessories,47710,5,238550,2024-03-20,Mumbai,Cash
1234,Mouse,Accessories,10206,3,30618,2024-08-27,Kolkata,NetBanking
1235,Smartwatch,Accessories,32109,5,160545,2024-08-20,Delhi,NetBanking
1236,Smartphone,Electronics,11072,1,11072,2024-08-01,Chennai,NetBanking
1237,Keyboard,Accessories,24563,4,98252,2024-04-17,Bangalore,Cash
1238,Headphones,Accessories,48364,2,96728,2024-10-17,Delhi,Card
1239,TV,Electronics,39094,3,117282,2024-03-26,Delhi,Card
1240,TV,Electronics,3030,4,12120,2024-02-07,Jaipur,Cash
1241,TV,Electronics,44624,1,44624,2024-06-24,Jaipur,UPI
1242,Camera,Electronics,6012,5,30060,2024-12-25,Mumbai,Cash
1243,Smartwatch,Accessories,15220,2,30440,2024-12-07,Bangalore,NetBanking
1244,Camera,Electronics,16184,2,32368,2024-10-01,Kolkata,UPI
1245,Smartphone,Electronics,6685,4,26740,2024-01-22,Chennai,UPI
1246,Mouse,Accessories,829,2,1658,2024-06-16,Hyderabad,UPI
1247,Mouse,Accessories,23990,3,71970,2024-06-15,Delhi,Card
1248,Printer,Electronics,30414,3,91242,2024-04-25,Pune,Card
1249,Smartwatch,Accessories,10003,1,10003,2024-05-30,Pune,Cash
1250,Headphones,Accessories,13542,1,13542,2024-08-18,Mumbai,NetBanking
1251,Tablet,Electronics,40724,1,40724,2024-02-11,Hyderabad,Cash
1252,Camera,Electronics,59718,3,179154,2024-12-03,Kolkata,UPI
1253,Smartwatch,Accessories,57205,3,171615,2024-06-24,Kolkata,NetBanking
1254,Laptop,Electronics,45208,4,180832,2024-07-18,Delhi,Card
1255,Smartwatch,Accessories,47244,4,188976,2024-03-12,Chennai,Card
1256,Camera,Electronics,5189,5,25945,2024-09-06,Pune,Card
1257,Printer,Electronics,16964,5,84820,2024-10-30,Pune,UPI
1258,Laptop,Electronics,53012,4,212048,2024-03-31,Chennai,Cash
1259,Mouse,Accessories,16838,3,50514,2024-07-28,Kolkata,NetBanking
1260,Mouse,Accessories,50577,3,151731,2024-04-23,Hyderabad,Cash
1261,Mouse,Accessories,12583,2,25166,2024-04-01,Delhi,Cash
1262,Laptop,Electronics,33694,3,101082,2024-07-15,Mumbai,UPI
1263,Smartwatch,Accessories,19730,2,39460,2024-02-08,Jaipur,UPI
1264,Mouse,Accessories,9531,3,28593,2024-06-09,Chennai,Cash
1265,Keyboard,Accessories,42888,5,214440,2024-09-19,Bangalore,Card
1266,Keyboard,Accessories,57206,2,114412,2024-12-21,Hyderabad,Card
1267,Keyboard,Accessories,23603,1,23603,2024-04-03,Delhi,NetBanking
1268,Laptop,Electronics,26845,3,80535,2024-03-30,Pune,Card
1269,Camera,Electronics,40436,2,80872,2024-11-27,Delhi,NetBanking
1270,Smartwatch,Accessories,1327,4,5308,2024-09-18,Chennai,UPI
1271,Headphones,Accessories,49560,5,247800,2024-04-17,Jaipur,NetBanking
1272,Smartwatch,Accessories,48631,1,48631,2024-10-23,Jaipur,NetBanking
1273,Tablet,Electronics,25555,4,102220,2024-02-09,Delhi,Card
1274,Laptop,Electronics,55700,2,111400,2024-03-03,Chennai,UPI
1275,Keyboard,Accessories,50064,3,150192,2024-01-22,Pune,Cash
1276,Mouse,Accessories,48989,3,146967,2024-07-17,Hyderabad,UPI
1277,Printer,Electronics,45584,3,136752,2024-09-30,Pune,NetBanking
1278,Printer,Electronics,7725,3,23175,2024-11-15,Jaipur,UPI
1279,Tablet,Electronics,34638,3,103914,2024-02-06,Delhi,NetBanking
1280,Keyboard,Accessories,52042,3,156126,2024-04-17,Delhi,Cash
1281,Headphones,Accessories,34472,4,137888,2024-08-22,Delhi,Cash
1282,Keyboard,Accessories,13932,3,41796,2024-03-17,Pune,UPI
1283,Printer,Electronics,49187,5,245935,2024-01-05,Kolkata,NetBanking
1284,Smartwatch,Accessories,34704,3,104112,2024-11-10,Delhi,UPI
1285,Smartwatch,Accessories,53679,5,268395,2024-01-23,Pune,NetBanking
1286,Camera,Electronics,30140,1,30140,2024-12-19,Chennai,UPI
1287,Mouse,Accessories,22626,2,45252,2024-12-22,Pune,NetBanking
1288,Smartwatch,Accessories,18918,2,37836,2024-06-08,Mumbai,UPI
1289,Camera,Electronics,39058,3,117174,2024-12-30,Jaipur,Cash
1290,Keyboard,Accessories,18600,3,55800,2024-07-01,Bangalore,Cash
1291,Keyboard,Accessories,1160,5,5800,2024-12-18,Bangalore,Cash
1292,Camera,Electronics,18026,2,36052,2024-07-19,Kolkata,Card
1293,Headphones,Accessories,18456,5,92280,2024-10-07,Chennai,NetBanking
1294,Printer,Electronics,2153,4,8612,2024-01-05,Pune,NetBanking
1295,Smartwatch,Accessories,10879,3,32637,2024-09-20,Delhi,NetBanking
1296,Keyboard,Accessories,7365,1,7365,2024-04-02,Delhi,Card
1297,Smartwatch,Accessories,33382,5,166910,2024-02-26,Delhi,UPI
1298,TV,Electronics,27988,5,139940,2024-06-16,Mumbai,Card
1299,Headphones,Accessories,59071,5,295355,2024-05-27,Kolkata,Cash
1300,TV,Electronics,23023,1,23023,2024-08-24,Delhi,UPI
1301,Keyboard,Accessories,34679,2,69358,2024-11-11,Kolkata,NetBanking
1302,Laptop,Electronics,59705,4,238820,2024-03-26,Kolkata,NetBanking
1303,Keyboard,Accessories,27196,2,54392,2024-10-06,Pune,Cash
1304,Printer,Electronics,53277,2,106554,2024-03-24,Hyderabad,NetBanking
1305,Laptop,Electronics,53290,1,53290,2024-06-30,Mumbai,Card
1306,Headphones,Accessories,45731,5,228655,2024-12-23,Bangalore,Cash
1307,TV,Electronics,48343,4,193372,2024-12-21,Bangalore,Card
1308,Camera,Electronics,54421,1,54421,2024-07-19,Pune,Cash
1309,Mouse,Accessories,30938,4,123752,2024-02-02,Bangalore,Card
1310,Headphones,Accessories,4180,4,16720,2024-11-17,Jaipur,NetBanking
1311,TV,Electronics,10146,2,20292,2024-09-04,Bangalore,UPI
1312,TV,Electronics,51551,4,206204,2024-01-05,Mumbai,Cash
1313,Smartwatch,Accessories,35330,3,105990,2024-04-27,Bangalore,NetBanking
1314,Headphones,Accessories,16420,1,16420,2024-11-10,Delhi,NetBanking
1315,Mouse,Accessories,19776,4,79104,2024-07-13,Hyderabad,NetBanking
1316,Mouse,Accessories,55968,4,223872,2024-09-03,Kolkata,NetBanking
1317,Mouse,Accessories,33238,1,33238,2024-02-16,Mumbai,UPI
1318,Smartphone,Electronics,32371,4,129484,2024-10-17,Kolkata,Card
1319,Keyboard,Accessories,20881,2,41762,2024-09-26,Hyderabad,UPI
1320,TV,Electronics,16988,3,50964,2024-05-01,Bangalore,NetBanking
1321,Printer,Electronics,21227,3,63681,2024-05-29,Hyderabad,NetBanking
1322,Mouse,Accessories,23299,2,46598,2024-05-18,Kolkata,UPI
1323,TV,Electronics,24508,4,98032,2024-10-20,Kolkata,UPI
1324,Printer,Electronics,5368,4,21472,2024-10-12,Kolkata,NetBanking
1325,Laptop,Electronics,57922,3,173766,2024-09-07,Kolkata,NetBanking
1326,Smartwatch,Accessories,57723,5,288615,2024-05-12,Pune,Card
1327,Laptop,Electronics,8849,1,8849,2024-01-20,Kolkata,Card
1328,Headphones,Accessories,13533,2,27066,2024-11-10,Delhi,Card
1329,Tablet,Electronics,21105,5,105525,2024-09-29,Jaipur,Cash
1330,Mouse,Accessories,46288,4,185152,2024-03-12,Chennai,NetBanking
1331,Smartwatch,Accessories,48818,1,48818,2024-06-30,Jaipur,NetBanking
1332,Printer,Electronics,41792,4,167168,2024-06-22,Pune,Cash
1333,Smartphone,Electronics,44529,3,133587,2024-05-13,Hyderabad,Cash
1334,Laptop,Electronics,8517,4,34068,2024-07-03,Delhi,UPI
1335,Smartwatch,Accessories,50655,3,151965,2024-05-01,Chennai,Cash
1336,Smartphone,Electronics,18921,3,56763,2024-12-18,Hyderabad,Cash
1337,Headphones,Accessories,23127,3,69381,2024-09-19,Bangalore,Card
1338,Smartphone,Electronics,7389,5,36945,2024-03-28,Hyderabad,Card
1339,TV,Electronics,23885,5,119425,2024-09-24,Pune,NetBanking
1340,Printer,Electronics,10029,5,50145,2024-07-04,Kolkata,UPI
1341,Keyboard,Accessories,43192,2,86384,2024-03-13,Jaipur,Cash
1342,Smartphone,Electronics,7377,1,7377,2024-11-05,Kolkata,NetBanking
1343,Smartphone,Electronics,4637,1,4637,2024-11-08,Mumbai,Card
1344,Mouse,Accessories,5591,1,5591,2024-03-11,Kolkata,UPI
1345,Smartwatch,Accessories,46321,5,231605,2024-04-29,Jaipur,UPI
1346,TV,Electronics,43516,3,130548,2024-05-07,Mumbai,Card
1347,Camera,Electronics,28915,3,86745,2024-03-26,Chennai,Card
1348,Mouse,Accessories,32261,5,161305,2024-10-18,Jaipur,UPI
1349,TV,Electronics,58796,4,235184,2024-12-11,Delhi,Card
1350,Smartwatch,Accessories,28927,1,28927,2024-05-10,Mumbai,Cash
1351,Smartwatch,Accessories,53491,2,106982,2024-10-18,Jaipur,NetBanking
1352,Laptop,Electronics,28509,4,114036,2024-07-18,Jaipur,Cash
1353,Tablet,Electronics,25932,2,51864,2024-10-13,Chennai,Cash
1354,Laptop,Electronics,11431,3,34293,2024-11-02,Mumbai,NetBanking
1355,Mouse,Accessories,34679,5,173395,2024-08-31,Delhi,Cash
1356,Camera,Electronics,37511,1,37511,2024-06-25,Mumbai,NetBanking
1357,Headphones,Accessories,43748,2,87496,2024-07-28,Delhi,Cash
1358,Printer,Electronics,46462,5,232310,2024-10-29,Hyderabad,Cash
1359,Tablet,Electronics,37799,3,113397,2024-04-13,Pune,UPI
1360,Keyboard,Accessories,1815,1,1815,2024-08-03,Kolkata,NetBanking
1361,Mouse,Accessories,37621,5,188105,2024-12-25,Pune,Card
1362,Smartwatch,Accessories,7720,5,38600,2024-04-05,Mumbai,Cash
1363,Smartphone,Electronics,34873,2,69746,2024-05-04,Pune,Card
1364,Headphones,Accessories,17247,2,34494,2024-03-06,Chennai,Card
1365,Printer,Electronics,29634,3,88902,2024-01-11,Mumbai,Cash
1366,Mouse,Accessories,13017,3,39051,2024-07-27,Kolkata,Cash
1367,Tablet,Electronics,43757,2,87514,2024-02-07,Chennai,Cash
1368,Laptop,Electronics,52953,1,52953,2024-05-23,Chennai,Card
1369,Tablet,Electronics,32482,3,97446,2024-03-16,Bangalore,NetBanking
1370,Keyboard,Accessories,22949,2,45898,2024-05-14,Mumbai,Card
1371,Mouse,Accessories,39581,2,79162,2024-04-11,Chennai,UPI
1372,Laptop,Electronics,29583,2,59166,2024-08-20,Pune,Card
1373,Headphones,Accessories,35046,2,70092,2024-01-13,Hyderabad,NetBanking
1374,Smartphone,Electronics,5291,4,21164,2024-10-16,Mumbai,UPI
1375,Tablet,Electronics,28935,2,57870,2024-11-29,Bangalore,Cash
1376,Headphones,Accessories,18144,4,72576,2024-02-25,Hyderabad,Card
1377,Laptop,Electronics,36337,5,181685,2024-04-09,Chennai,UPI
1378,Mouse,Accessories,14059,5,70295,2024-06-13,Kolkata,Cash
1379,Headphones,Accessories,43519,3,130557,2024-11-08,Delhi,Card
1380,TV,Electronics,39199,3,117597,2024-08-30,Kolkata,UPI
1381,Laptop,Electronics,49459,1,49459,2024-11-15,Kolkata,Card
1382,Printer,Electronics,51345,2,102690,2024-05-20,Kolkata,Card
1383,Tablet,Electronics,1672,1,1672,2024-08-13,Chennai,Card
1384,TV,Electronics,24628,3,73884,2024-10-14,Chennai,UPI
1385,Mouse,Accessories,11111,2,22222,2024-01-31,Chennai,Card
1386,Tablet,Electronics,33036,4,132144,2024-03-22,Chennai,UPI
1387,Smartwatch,Accessories,31900,1,31900,2024-02-18,Kolkata,UPI
1388,Headphones,Accessories,47184,3,141552,2024-04-28,Delhi,Card
1389,Tablet,Electronics,10225,4,40900,2024-05-09,Delhi,UPI
1390,Printer,Electronics,50945,2,101890,2024-02-13,Delhi,Card
1391,TV,Electronics,40236,3,120708,2024-07-01,Kolkata,NetBanking
1392,TV,Electronics,32957,2,65914,2024-05-27,Delhi,NetBanking
1393,Mouse,Accessories,30660,3,91980,2024-03-09,Hyderabad,NetBanking
1394,Laptop,Electronics,30708,3,92124,2024-03-23,Delhi,UPI
1395,Keyboard,Accessories,26654,3,79962,2024-04-02,Kolkata,Card
1396,Laptop,Electronics,14626,1,14626,2024-03-21,Delhi,Cash
1397,Printer,Electronics,17721,4,70884,2024-07-14,Jaipur,UPI
1398,Smartwatch,Accessories,10050,3,30150,2024-10-28,Chennai,UPI
1399,Smartphone,Electronics,37124,5,185620,2024-04-12,Hyderabad,Card
1400,Smartwatch,Accessories,33204,5,166020,2024-07-15,Hyderabad,Cash
1401,Camera,Electronics,38039,3,114117,2024-10-01,Hyderabad,Card
1402,Laptop,Electronics,22295,4,89180,2024-05-30,Jaipur,Cash
1403,TV,Electronics,27940,4,111760,2024-12-10,Delhi,Cash
1404,TV,Electronics,36176,1,36176,2024-11-25,Kolkata,Card
1405,Camera,Electronics,10446,1,10446,2024-12-09,Chennai,Cash
1406,Tablet,Electronics,46440,4,185760,2024-10-14,Kolkata,Card
1407,TV,Electronics,57695,1,57695,2024-11-23,Jaipur,Card
1408,Keyboard,Accessories,42463,1,42463,2024-01-22,Bangalore,NetBanking
1409,Headphones,Accessories,54385,1,54385,2024-01-15,Bangalore,Card
1410,TV,Electronics,54518,3,163554,2024-12-17,Kolkata,UPI
1411,Printer,Electronics,16938,1,16938,2024-10-27,Bangalore,UPI
1412,Smartphone,Electronics,2591,5,12955,2024-11-03,Kolkata,UPI
1413,Smartwatch,Accessories,46725,5,233625,2024-09-15,Hyderabad,UPI
1414,Printer,Electronics,43198,3,129594,2024-04-12,Jaipur,NetBanking
1415,TV,Electronics,48342,3,145026,2024-11-28,Bangalore,Card
1416,Smartphone,Electronics,34354,5,171770,2024-05-27,Jaipur,UPI
1417,Printer,Electronics,49804,5,249020,2024-04-19,Delhi,Cash
1418,Printer,Electronics,675,4,2700,2024-04-19,Kolkata,Cash
1419,TV,Electronics,9363,3,28089,2024-10-03,Pune,NetBanking
1420,Headphones,Accessories,17110,1,17110,2024-07-08,Jaipur,Cash
1421,Keyboard,Accessories,23918,2,47836,2024-01-07,Hyderabad,Card
1422,Keyboard,Accessories,42802,1,42802,2024-01-14,Jaipur,Card
1423,Tablet,Electronics,13607,3,40821,2024-04-14,Chennai,UPI
1424,Laptop,Electronics,45616,1,45616,2024-08-22,Mumbai,Card
1425,Headphones,Accessories,31700,1,31700,2024-04-13,Bangalore,Card
1426,Mouse,Accessories,38094,1,38094,2024-10-16,Hyderabad,Cash
1427,Smartphone,Electronics,34814,2,69628,2024-10-02,Pune,UPI
1428,TV,Electronics,26636,3,79908,2024-02-15,Mumbai,Cash
1429,Camera,Electronics,43131,1,43131,2024-09-28,Chennai,UPI
1430,Camera,Electronics,30781,3,92343,2024-01-15,Kolkata,Card
1431,TV,Electronics,1691,4,6764,2024-10-19,Chennai,Cash
1432,Smartwatch,Accessories,47153,2,94306,2024-01-03,Chennai,Card
1433,Smartwatch,Accessories,53371,4,213484,2024-03-02,Mumbai,NetBanking
1434,TV,Electronics,31893,4,127572,2024-09-14,Hyderabad,UPI
1435,Laptop,Electronics,54159,2,108318,2024-11-18,Mumbai,Cash
1436,Laptop,Electronics,48732,4,194928,2024-11-21,Jaipur,Card
1437,Mouse,Accessories,22949,1,22949,2024-03-01,Chennai,Card
1438,Mouse,Accessories,14424,1,14424,2024-02-07,Chennai,Cash
1439,Laptop,Electronics,20837,1,20837,2024-05-19,Hyderabad,NetBanking
1440,Printer,Electronics,3009,1,3009,2024-01-30,Hyderabad,Card
1441,Tablet,Electronics,52655,5,263275,2024-03-15,Hyderabad,NetBanking
1442,Smartphone,Electronics,35912,5,179560,2024-03-02,Hyderabad,Card
1443,Laptop,Electronics,55628,4,222512,2024-11-09,Hyderabad,Card
1444,Keyboard,Accessories,1220,2,2440,2024-04-06,Chennai,Cash
1445,Smartphone,Electronics,39148,2,78296,2024-07-08,Jaipur,Cash
1446,Mouse,Accessories,33566,3,100698,2024-03-23,Delhi,Card
1447,Laptop,Electronics,48482,3,145446,2024-10-16,Hyderabad,Cash
1448,Smartwatch,Accessories,31378,3,94134,2024-04-22,Hyderabad,UPI
1449,Headphones,Accessories,19531,4,78124,2024-02-11,Hyderabad,UPI
1450,Smartwatch,Accessories,34484,4,137936,2024-12-17,Chennai,Card
1451,Smartphone,Electronics,546,5,2730,2024-07-09,Hyderabad,NetBanking
1452,Smartwatch,Accessories,58364,3,175092,2024-01-20,Chennai,Card
1453,Smartphone,Electronics,25774,2,51548,2024-06-14,Jaipur,UPI
1454,Printer,Electronics,1097,1,1097,2024-02-12,Mumbai,NetBanking
1455,Tablet,Electronics,59659,5,298295,2024-03-17,Pune,UPI
1456,Smartphone,Electronics,35348,4,141392,2024-07-26,Bangalore,UPI
1457,TV,Electronics,22340,4,89360,2024-12-21,Bangalore,Cash
1458,Headphones,Accessories,57503,1,57503,2024-12-06,Hyderabad,Cash
1459,Mouse,Accessories,11099,3,33297,2024-12-16,Bangalore,Cash
1460,Printer,Electronics,23852,1,23852,2024-12-05,Delhi,Card
1461,TV,Electronics,4720,3,14160,2024-02-22,Delhi,UPI
1462,Tablet,Electronics,31599,5,157995,2024-10-12,Kolkata,NetBanking
1463,Keyboard,Accessories,18037,1,18037,2024-09-10,Mumbai,NetBanking
1464,TV,Electronics,17991,4,71964,2024-10-16,Bangalore,Card
1465,Tablet,Electronics,48791,1,48791,2024-02-13,Kolkata,UPI
1466,TV,Electronics,18061,4,72244,2024-12-06,Mumbai,NetBanking
1467,Headphones,Accessories,57861,4,231444,2024-03-16,Hyderabad,Cash
1468,Camera,Electronics,43022,5,215110,2024-06-01,Kolkata,NetBanking
1469,Smartwatch,Accessories,16047,3,48141,2024-10-16,Delhi,UPI
1470,Keyboard,Accessories,21702,2,43404,2024-11-26,Jaipur,Cash
1471,Laptop,Electronics,31229,3,93687,2024-11-29,Mumbai,NetBanking
1472,Laptop,Electronics,24563,2,49126,2024-01-10,Chennai,UPI
1473,Printer,Electronics,1799,5,8995,2024-07-10,Hyderabad,UPI
1474,Printer,Electronics,58168,1,58168,2024-03-01,Kolkata,NetBanking
1475,Headphones,Accessories,12376,2,24752,2024-01-15,Mumbai,Cash
1476,Headphones,Accessories,54908,4,219632,2024-03-08,Mumbai,UPI
1477,Mouse,Accessories,10841,5,54205,2024-01-08,Bangalore,NetBanking
1478,Tablet,Electronics,22892,3,68676,2024-08-30,Delhi,UPI
1479,Keyboard,Accessories,35847,3,107541,2024-03-20,Jaipur,UPI
1480,Printer,Electronics,31427,4,125708,2024-03-03,Pune,UPI
1481,Smartphone,Electronics,12410,1,12410,2024-08-19,Kolkata,UPI
1482,Keyboard,Accessories,4774,4,19096,2024-02-13,Delhi,Card
1483,Tablet,Electronics,34234,5,171170,2024-09-05,Kolkata,NetBanking
1484,Smartwatch,Accessories,52909,3,158727,2024-02-04,Kolkata,NetBanking
1485,Camera,Electronics,16087,2,32174,2024-10-18,Hyderabad,Cash
1486,Smartphone,Electronics,16608,5,83040,2024-04-11,Pune,Cash
1487,Smartwatch,Accessories,14160,1,14160,2024-10-10,Chennai,UPI
1488,Tablet,Electronics,1742,5,8710,2024-12-17,Hyderabad,NetBanking
1489,TV,Electronics,5602,3,16806,2024-05-03,Hyderabad,Card
1490,Smartphone,Electronics,18451,1,18451,2024-11-29,Mumbai,Cash
1491,Mouse,Accessories,44074,2,88148,2024-04-09,Delhi,Card
1492,Mouse,Accessories,24729,1,24729,2024-04-25,Kolkata,UPI
1493,Laptop,Electronics,53497,5,267485,2024-09-19,Bangalore,Card
1494,Headphones,Accessories,28564,1,28564,2024-09-14,Mumbai,Cash
1495,Printer,Electronics,54898,1,54898,2024-11-05,Mumbai,Cash
1496,Smartphone,Electronics,40813,5,204065,2024-04-14,Chennai,UPI
1497,Laptop,Electronics,24355,5,121775,2024-02-04,Bangalore,UPI
1498,Keyboard,Accessories,21256,5,106280,2024-04-17,Chennai,UPI
1499,Mouse,Accessories,35522,5,177610,2024-08-22,Hyderabad,Card
1500,Laptop,Electronics,4364,4,17456,2024-02-21,Mumbai,Card
1501,Mouse,Accessories,56140,4,224560,2024-02-26,Delhi,NetBanking
1502,Camera,Electronics,18968,5,94840,2024-03-13,Hyderabad,NetBanking
1503,Camera,Electronics,33677,3,101031,2024-04-07,Chennai,Card
1504,Smartphone,Electronics,20889,2,41778,2024-08-27,Mumbai,Card
1505,Headphones,Accessories,36916,2,73832,2024-01-20,Kolkata,Card
1506,Camera,Electronics,41485,1,41485,2024-09-29,Jaipur,NetBanking
1507,Mouse,Accessories,25229,1,25229,2024-02-13,Chennai,Cash
1508,Smartwatch,Accessories,26083,4,104332,2024-04-19,Mumbai,UPI
1509,Mouse,Accessories,18640,3,55920,2024-09-29,Mumbai,UPI
1510,Printer,Electronics,25148,5,125740,2024-07-27,Delhi,UPI
1511,Printer,Electronics,59134,1,59134,2024-11-22,Kolkata,UPI
1512,Camera,Electronics,22876,5,114380,2024-03-19,Kolkata,UPI
1513,Printer,Electronics,53935,5,269675,2024-05-22,Kolkata,UPI
1514,Mouse,Accessories,5980,2,11960,2024-04-30,Pune,Card
1515,Tablet,Electronics,11286,5,56430,2024-10-24,Hyderabad,NetBanking
1516,Mouse,Accessories,44428,3,133284,2024-12-05,Delhi,NetBanking
1517,Headphones,Accessories,25256,1,25256,2024-06-18,Delhi,Card
1518,Printer,Electronics,27118,3,81354,2024-09-09,Hyderabad,Card
1519,TV,Electronics,26836,3,80508,2024-12-12,Delhi,NetBanking
1520,Mouse,Accessories,32629,1,32629,2024-07-12,Pune,NetBanking
1521,Camera,Electronics,6310,5,31550,2024-02-13,Hyderabad,UPI
1522,Camera,Electronics,49578,5,247890,2024-10-08,Delhi,UPI
1523,Laptop,Electronics,33530,4,134120,2024-07-23,Jaipur,NetBanking
1524,Laptop,Electronics,28403,3,85209,2024-06-06,Kolkata,Cash
1525,Smartwatch,Accessories,38135,2,76270,2024-01-14,Jaipur,Cash
1526,Camera,Electronics,37868,2,75736,2024-06-07,Pune,Cash
1527,Smartphone,Electronics,30276,5,151380,2024-08-11,Hyderabad,UPI
1528,Keyboard,Accessories,10194,4,40776,2024-01-05,Hyderabad,NetBanking
1529,Printer,Electronics,23717,1,23717,2024-12-02,Delhi,UPI
1530,Mouse,Accessories,53587,4,214348,2024-02-27,Mumbai,Card
1531,Tablet,Electronics,37758,4,151032,2024-11-13,Mumbai,Card
1532,Headphones,Accessories,7849,3,23547,2024-08-06,Delhi,UPI
1533,Tablet,Electronics,27461,4,109844,2024-06-28,Mumbai,UPI
1534,Camera,Electronics,12770,5,63850,2024-05-03,Delhi,UPI
1535,Printer,Electronics,6117,1,6117,2024-01-29,Bangalore,Card
1536,Laptop,Electronics,7288,2,14576,2024-05-09,Pune,Cash
1537,Tablet,Electronics,48370,5,241850,2024-05-09,Kolkata,Card
1538,Smartphone,Electronics,1769,4,7076,2024-02-02,Mumbai,Card
1539,Mouse,Accessories,29332,3,87996,2024-10-08,Mumbai,Cash
1540,Smartphone,Electronics,21921,3,65763,2024-07-20,Delhi,Card
1541,Keyboard,Accessories,10687,4,42748,2024-01-21,Chennai,Cash
1542,Headphones,Accessories,53704,3,161112,2024-12-11,Mumbai,Cash
1543,Keyboard,Accessories,5756,5,28780,2024-07-15,Jaipur,UPI
1544,TV,Electronics,32580,2,65160,2024-02-21,Bangalore,NetBanking
1545,Camera,Electronics,2828,5,14140,2024-12-20,Kolkata,Card
1546,Camera,Electronics,46358,2,92716,2024-10-28,Hyderabad,Cash
1547,Smartphone,Electronics,5362,1,5362,2024-12-14,Jaipur,Card
1548,Camera,Electronics,46958,4,187832,2024-06-17,Hyderabad,Cash
1549,Camera,Electronics,30858,3,92574,2024-05-16,Kolkata,NetBanking
1550,Camera,Electronics,38740,3,116220,2024-07-14,Pune,UPI
1551,Smartwatch,Accessories,34136,3,102408,2024-06-12,Mumbai,Cash
1552,Smartphone,Electronics,8550,2,17100,2024-06-09,Kolkata,UPI
1553,Camera,Electronics,21493,4,85972,2024-01-23,Pune,Card
1554,Keyboard,Accessories,3149,1,3149,2024-09-01,Kolkata,Card
1555,Camera,Electronics,51519,4,206076,2024-02-11,Chennai,UPI
1556,Smartphone,Electronics,12393,1,12393,2024-01-08,Kolkata,Card
1557,Smartphone,Electronics,37795,3,113385,2024-10-23,Bangalore,NetBanking
1558,Mouse,Accessories,30781,4,123124,2024-11-24,Delhi,Cash
1559,Printer,Electronics,46676,5,233380,2024-05-07,Bangalore,Cash
1560,TV,Electronics,52997,1,52997,2024-05-25,Jaipur,Cash
1561,Smartphone,Electronics,58546,1,58546,2024-09-16,Kolkata,NetBanking
1562,Printer,Electronics,23328,2,46656,2024-11-10,Pune,Cash
1563,Smartphone,Electronics,31273,1,31273,2024-08-14,Kolkata,Cash
1564,Headphones,Accessories,50003,2,100006,2024-05-18,Kolkata,UPI
1565,Keyboard,Accessories,958,1,958,2024-03-18,Delhi,UPI
1566,Mouse,Accessories,37938,3,113814,2024-01-14,Kolkata,Cash
1567,Laptop,Electronics,43987,5,219935,2024-04-11,Delhi,Cash
1568,TV,Electronics,23654,1,23654,2024-03-25,Mumbai,Card
1569,TV,Electronics,29666,5,148330,2024-02-17,Hyderabad,UPI
1570,Headphones,Accessories,45930,2,91860,2024-03-15,Delhi,NetBanking
1571,Tablet,Electronics,34269,4,137076,2024-07-16,Delhi,UPI
1572,Keyboard,Accessories,26320,2,52640,2024-09-17,Jaipur,Card
1573,Keyboard,Accessories,7258,2,14516,2024-07-06,Pune,UPI
1574,Headphones,Accessories,31470,2,62940,2024-01-12,Hyderabad,Cash
1575,TV,Electronics,25316,1,25316,2024-11-20,Jaipur,Cash
1576,Tablet,Electronics,44542,3,133626,2024-11-11,Delhi,Card
1577,Camera,Electronics,59627,1,59627,2024-01-08,Pune,UPI
1578,Printer,Electronics,55174,3,165522,2024-09-05,Hyderabad,Cash
1579,Smartwatch,Accessories,55342,4,221368,2024-11-02,Chennai,NetBanking
1580,Tablet,Electronics,20738,4,82952,2024-12-05,Bangalore,Card
1581,Mouse,Accessories,52838,1,52838,2024-10-02,Hyderabad,UPI
1582,Camera,Electronics,44045,5,220225,2024-07-16,Delhi,NetBanking
1583,Headphones,Accessories,21637,4,86548,2024-03-16,Bangalore,UPI
1584,Headphones,Accessories,46617,3,139851,2024-08-16,Mumbai,UPI
1585,Smartwatch,Accessories,38908,3,116724,2024-07-10,Hyderabad,Card
1586,Smartphone,Electronics,3983,4,15932,2024-01-25,Pune,NetBanking
1587,TV,Electronics,9177,3,27531,2024-11-17,Pune,Cash
1588,Keyboard,Accessories,24097,4,96388,2024-01-21,Bangalore,Card
1589,Smartwatch,Accessories,20907,5,104535,2024-03-12,Pune,UPI
1590,Keyboard,Accessories,58202,1,58202,2024-11-22,Hyderabad,Cash
1591,TV,Electronics,23623,3,70869,2024-05-02,Kolkata,Cash
1592,TV,Electronics,58619,2,117238,2024-02-29,Hyderabad,Card
1593,Keyboard,Accessories,24479,3,73437,2024-01-15,Kolkata,UPI
1594,Headphones,Accessories,4999,1,4999,2024-08-17,Bangalore,Cash
1595,Tablet,Electronics,38467,2,76934,2024-10-31,Mumbai,NetBanking
1596,Smartwatch,Accessories,21526,3,64578,2024-05-25,Bangalore,NetBanking
1597,Smartphone,Electronics,43967,2,87934,2024-01-07,Mumbai,Card
1598,TV,Electronics,4849,4,19396,2024-07-02,Pune,Card
1599,Smartphone,Electronics,32898,3,98694,2024-12-05,Kolkata,Card
1600,Camera,Electronics,41864,1,41864,2024-08-19,Chennai,UPI
1601,Smartwatch,Accessories,4179,4,16716,2024-12-24,Mumbai,UPI
1602,Tablet,Electronics,30049,3,90147,2024-02-02,Jaipur,Cash
1603,TV,Electronics,39959,1,39959,2024-11-26,Chennai,Card
1604,Keyboard,Accessories,54419,5,272095,2024-08-15,Chennai,Card
1605,Laptop,Electronics,57085,5,285425,2024-07-05,Pune,Card
1606,Camera,Electronics,52736,1,52736,2024-11-12,Delhi,NetBanking
1607,Smartphone,Electronics,13803,3,41409,2024-10-24,Kolkata,UPI
1608,Keyboard,Accessories,37086,5,185430,2024-08-14,Pune,Card
1609,Keyboard,Accessories,4236,1,4236,2024-01-18,Jaipur,NetBanking
1610,Printer,Electronics,32134,2,64268,2024-07-16,Kolkata,NetBanking
1611,Camera,Electronics,42740,4,170960,2024-12-15,Kolkata,NetBanking
1612,Camera,Electronics,31528,2,63056,2024-09-23,Bangalore,Cash
1613,Smartphone,Electronics,40680,1,40680,2024-10-05,Mumbai,NetBanking
1614,Printer,Electronics,8673,3,26019,2024-05-12,Delhi,Card
1615,Tablet,Electronics,35965,5,179825,2024-07-29,Delhi,Cash
1616,Laptop,Electronics,28950,1,28950,2024-02-05,Mumbai,UPI
1617,Smartwatch,Accessories,13862,5,69310,2024-09-05,Kolkata,Card
1618,Keyboard,Accessories,22984,4,91936,2024-04-11,Chennai,Cash
1619,Smartwatch,Accessories,50818,1,50818,2024-12-06,Kolkata,UPI
1620,Smartphone,Electronics,49504,4,198016,2024-03-17,Chennai,Card
1621,Keyboard,Accessories,36706,5,183530,2024-06-28,Chennai,Cash
1622,Smartphone,Electronics,19950,3,59850,2024-04-23,Kolkata,Card
1623,Tablet,Electronics,26314,1,26314,2024-05-04,Pune,NetBanking
1624,Tablet,Electronics,29299,2,58598,2024-07-14,Mumbai,Card
1625,Smartphone,Electronics,39061,4,156244,2024-03-05,Pune,Cash
1626,Smartwatch,Accessories,29548,3,88644,2024-09-16,Chennai,NetBanking
1627,Smartphone,Electronics,32461,5,162305,2024-06-28,Pune,NetBanking
1628,TV,Electronics,19512,2,39024,2024-11-09,Kolkata,Cash
1629,Printer,Electronics,19110,5,95550,2024-08-29,Jaipur,Cash
1630,Laptop,Electronics,33254,1,33254,2024-06-29,Delhi,Card
1631,Camera,Electronics,50628,1,50628,2024-05-06,Chennai,NetBanking
1632,Laptop,Electronics,28026,1,28026,2024-01-15,Mumbai,UPI
1633,Headphones,Accessories,39818,2,79636,2024-03-27,Kolkata,UPI
1634,Keyboard,Accessories,55896,2,111792,2024-09-24,Hyderabad,Card
1635,Keyboard,Accessories,33868,4,135472,2024-04-20,Kolkata,Card
1636,Camera,Electronics,30730,4,122920,2024-03-29,Mumbai,UPI
1637,Smartwatch,Accessories,49910,4,199640,2024-03-07,Hyderabad,Cash
1638,Keyboard,Accessories,35804,3,107412,2024-04-19,Jaipur,Card
1639,Mouse,Accessories,13842,2,27684,2024-12-13,Jaipur,UPI
1640,Headphones,Accessories,14863,1,14863,2024-01-26,Jaipur,Cash
1641,Camera,Electronics,13139,1,13139,2024-08-13,Jaipur,Card
1642,Camera,Electronics,871,1,871,2024-02-02,Pune,NetBanking
1643,Camera,Electronics,35896,3,107688,2024-02-06,Pune,UPI
1644,Keyboard,Accessories,46720,3,140160,2024-10-24,Pune,UPI
1645,Mouse,Accessories,1916,4,7664,2024-12-29,Jaipur,NetBanking
1646,Tablet,Electronics,17320,3,51960,2024-10-07,Delhi,UPI
1647,Mouse,Accessories,7377,2,14754,2024-06-15,Jaipur,Card
1648,Tablet,Electronics,57106,2,114212,2024-11-27,Mumbai,Card
1649,Camera,Electronics,24669,2,49338,2024-12-20,Jaipur,Card
1650,Mouse,Accessories,8717,5,43585,2024-05-27,Delhi,NetBanking
1651,Smartwatch,Accessories,10361,5,51805,2024-01-30,Mumbai,UPI
1652,Keyboard,Accessories,40849,5,204245,2024-08-31,Jaipur,Card
1653,Keyboard,Accessories,28728,1,28728,2024-11-23,Chennai,Card
1654,Headphones,Accessories,28914,2,57828,2024-09-10,Pune,NetBanking
1655,Mouse,Accessories,37222,3,111666,2024-02-21,Delhi,UPI
1656,Mouse,Accessories,7268,4,29072,2024-04-12,Kolkata,UPI
1657,Printer,Electronics,15336,3,46008,2024-08-16,Jaipur,UPI
1658,Camera,Electronics,13829,1,13829,2024-05-26,Bangalore,UPI
1659,Keyboard,Accessories,31309,1,31309,2024-10-22,Hyderabad,NetBanking
1660,Laptop,Electronics,48499,2,96998,2024-05-19,Mumbai,NetBanking
1661,Keyboard,Accessories,46719,4,186876,2024-09-14,Jaipur,Cash
1662,Mouse,Accessories,50777,2,101554,2024-03-26,Mumbai,NetBanking
1663,Headphones,Accessories,27799,1,27799,2024-08-29,Jaipur,UPI
1664,Tablet,Electronics,58547,4,234188,2024-03-27,Jaipur,Card
1665,Keyboard,Accessories,43729,1,43729,2024-07-22,Kolkata,UPI
1666,Tablet,Electronics,50023,3,150069,2024-05-09,Chennai,UPI
1667,Keyboard,Accessories,42779,4,171116,2024-09-02,Mumbai,UPI
1668,Mouse,Accessories,43999,3,131997,2024-12-26,Delhi,UPI
1669,TV,Electronics,21713,2,43426,2024-02-09,Chennai,Cash
1670,Mouse,Accessories,5583,5,27915,2024-05-02,Mumbai,NetBanking
1671,Smartphone,Electronics,32285,5,161425,2024-04-26,Bangalore,Cash
1672,Smartphone,Electronics,26232,4,104928,2024-09-18,Delhi,Card
1673,Smartphone,Electronics,56395,3,169185,2024-03-11,Mumbai,Card
1674,Laptop,Electronics,57087,4,228348,2024-01-04,Pune,UPI
1675,Smartwatch,Accessories,3302,5,16510,2024-03-10,Hyderabad,NetBanking
1676,Smartwatch,Accessories,58471,4,233884,2024-04-09,Jaipur,Card
1677,Headphones,Accessories,17987,3,53961,2024-08-24,Delhi,Card
1678,TV,Electronics,44470,4,177880,2024-03-10,Delhi,Card
1679,Mouse,Accessories,26461,1,26461,2024-01-30,Bangalore,NetBanking
1680,Smartphone,Electronics,51072,1,51072,2024-08-18,Kolkata,Cash
1681,Headphones,Accessories,21435,4,85740,2024-06-08,Kolkata,UPI
1682,Tablet,Electronics,18163,1,18163,2024-09-12,Jaipur,Card
1683,Smartwatch,Accessories,11383,1,11383,2024-01-26,Chennai,Cash
1684,Tablet,Electronics,23577,5,117885,2024-10-09,Hyderabad,NetBanking
1685,Mouse,Accessories,20998,5,104990,2024-07-04,Chennai,NetBanking
1686,Laptop,Electronics,23963,4,95852,2024-05-16,Chennai,NetBanking
1687,Smartwatch,Accessories,19292,1,19292,2024-02-24,Jaipur,Cash
1688,Tablet,Electronics,20037,1,20037,2024-12-10,Delhi,NetBanking
1689,Mouse,Accessories,932,3,2796,2024-10-28,Pune,UPI
1690,Keyboard,Accessories,46112,3,138336,2024-01-20,Kolkata,Card
1691,Printer,Electronics,46783,5,233915,2024-08-06,Pune,Card
1692,Printer,Electronics,33715,1,33715,2024-12-10,Chennai,NetBanking
1693,Keyboard,Accessories,1848,5,9240,2024-04-05,Hyderabad,NetBanking
1694,Keyboard,Accessories,32912,5,164560,2024-01-25,Pune,UPI
1695,Camera,Electronics,38869,3,116607,2024-10-14,Chennai,UPI
1696,Camera,Electronics,21948,1,21948,2024-03-14,Bangalore,Card
1697,Camera,Electronics,36875,2,73750,2024-09-29,Bangalore,Card
1698,Camera,Electronics,31844,2,63688,2024-07-02,Bangalore,UPI
1699,Camera,Electronics,11149,2,22298,2024-04-09,Bangalore,Cash
1700,Laptop,Electronics,27185,5,135925,2024-02-27,Delhi,NetBanking
1701,Laptop,Electronics,5428,1,5428,2024-11-05,Bangalore,NetBanking
1702,Keyboard,Accessories,39792,3,119376,2024-03-13,Delhi,Cash
1703,Keyboard,Accessories,58281,5,291405,2024-02-24,Chennai,UPI
1704,Printer,Electronics,17949,4,71796,2024-12-08,Pune,Card
1705,TV,Electronics,44871,2,89742,2024-02-12,Hyderabad,Cash
1706,Smartwatch,Accessories,8887,4,35548,2024-05-18,Hyderabad,UPI
1707,Headphones,Accessories,31886,1,31886,2024-11-14,Bangalore,Cash
1708,Keyboard,Accessories,46557,3,139671,2024-11-02,Mumbai,NetBanking
1709,Tablet,Electronics,1703,3,5109,2024-03-03,Mumbai,Cash
1710,Laptop,Electronics,4962,1,4962,2024-07-08,Hyderabad,Cash
1711,Keyboard,Accessories,4485,2,8970,2024-06-02,Pune,NetBanking
1712,Laptop,Electronics,40763,5,203815,2024-11-23,Bangalore,Card
1713,Laptop,Electronics,1566,2,3132,2024-04-04,Mumbai,NetBanking
1714,Keyboard,Accessories,39078,1,39078,2024-02-21,Kolkata,Card
1715,Keyboard,Accessories,43353,5,216765,2024-01-23,Chennai,Cash
1716,Smartphone,Electronics,54698,2,109396,2024-01-06,Mumbai,UPI
1717,Keyboard,Accessories,52412,4,209648,2024-09-30,Delhi,Card
1718,Mouse,Accessories,48171,5,240855,2024-02-17,Pune,UPI
1719,Tablet,Electronics,34694,1,34694,2024-02-02,Bangalore,Card
1720,Tablet,Electronics,28920,5,144600,2024-07-08,Kolkata,Cash
1721,Laptop,Electronics,55060,1,55060,2024-06-17,Chennai,Card
1722,Smartwatch,Accessories,41509,5,207545,2024-12-04,Bangalore,Card
1723,Smartwatch,Accessories,12712,3,38136,2024-04-26,Chennai,UPI
1724,Mouse,Accessories,17239,3,51717,2024-02-08,Jaipur,NetBanking
1725,Mouse,Accessories,48566,4,194264,2024-09-02,Mumbai,NetBanking
1726,TV,Electronics,24690,4,98760,2024-03-20,Chennai,NetBanking
1727,Camera,Electronics,36980,4,147920,2024-05-06,Jaipur,UPI
1728,Headphones,Accessories,22965,3,68895,2024-08-18,Bangalore,Card
1729,Smartphone,Electronics,30861,4,123444,2024-01-23,Mumbai,UPI
1730,Printer,Electronics,13295,2,26590,2024-11-27,Hyderabad,Cash
1731,Camera,Electronics,53263,3,159789,2024-03-21,Chennai,UPI
1732,TV,Electronics,49666,3,148998,2024-01-12,Hyderabad,Card
1733,TV,Electronics,7152,2,14304,2024-01-29,Hyderabad,Cash
1734,Keyboard,Accessories,40107,2,80214,2024-10-23,Jaipur,NetBanking
1735,Printer,Electronics,40572,2,81144,2024-06-18,Hyderabad,Card
1736,Camera,Electronics,28609,5,143045,2024-05-01,Bangalore,NetBanking
1737,Smartphone,Electronics,50799,2,101598,2024-06-27,Jaipur,UPI
1738,Printer,Electronics,47922,3,143766,2024-02-26,Hyderabad,Cash
1739,Tablet,Electronics,8776,4,35104,2024-09-07,Chennai,Card
1740,Mouse,Accessories,17569,1,17569,2024-10-16,Hyderabad,Cash
1741,TV,Electronics,27173,3,81519,2024-10-01,Jaipur,Card
1742,Camera,Electronics,42538,4,170152,2024-08-31,Mumbai,UPI
1743,Laptop,Electronics,6464,3,19392,2024-11-13,Hyderabad,Card
1744,Printer,Electronics,18962,3,56886,2024-06-21,Chennai,Card
1745,Tablet,Electronics,9222,5,46110,2024-05-17,Mumbai,NetBanking
1746,Smartwatch,Accessories,59271,3,177813,2024-01-10,Bangalore,Cash
1747,Camera,Electronics,25635,4,102540,2024-03-01,Mumbai,NetBanking
1748,Laptop,Electronics,58632,3,175896,2024-03-12,Pune,Cash
1749,Mouse,Accessories,2657,1,2657,2024-02-12,Delhi,Card
1750,Smartphone,Electronics,3707,1,3707,2024-10-25,Kolkata,NetBanking
1751,Laptop,Electronics,2715,2,5430,2024-07-02,Delhi,NetBanking
1752,TV,Electronics,8542,4,34168,2024-07-26,Pune,NetBanking
1753,TV,Electronics,55467,2,110934,2024-06-12,Pune,UPI
1754,Mouse,Accessories,59210,5,296050,2024-03-10,Hyderabad,UPI
1755,Smartphone,Electronics,22941,3,68823,2024-12-27,Pune,NetBanking
1756,TV,Electronics,7973,2,15946,2024-12-03,Jaipur,UPI
1757,Smartwatch,Accessories,35955,5,179775,2024-10-28,Pune,Cash
1758,Keyboard,Accessories,6469,5,32345,2024-09-23,Mumbai,Card
1759,Printer,Electronics,6596,5,32980,2024-10-21,Bangalore,UPI
1760,Printer,Electronics,37103,4,148412,2024-01-07,Delhi,Card
1761,Camera,Electronics,1363,3,4089,2024-11-02,Pune,NetBanking
1762,Smartphone,Electronics,14701,4,58804,2024-11-29,Hyderabad,UPI
1763,Smartphone,Electronics,58560,5,292800,2024-05-22,Delhi,Cash
1764,Mouse,Accessories,32307,4,129228,2024-11-23,Mumbai,NetBanking
1765,TV,Electronics,17223,5,86115,2024-09-01,Pune,UPI
1766,Keyboard,Accessories,39215,2,78430,2024-03-06,Chennai,UPI
1767,Smartphone,Electronics,51177,3,153531,2024-09-30,Bangalore,NetBanking
1768,Smartphone,Electronics,48338,2,96676,2024-01-10,Kolkata,Cash
1769,Smartwatch,Accessories,21394,4,85576,2024-01-28,Delhi,NetBanking
1770,Printer,Electronics,50001,2,100002,2024-04-18,Bangalore,NetBanking
1771,Smartphone,Electronics,51157,1,51157,2024-04-14,Kolkata,UPI
1772,Smartphone,Electronics,45776,3,137328,2024-07-23,Mumbai,NetBanking
1773,Camera,Electronics,54025,2,108050,2024-11-16,Pune,UPI
1774,Mouse,Accessories,18404,1,18404,2024-03-29,Bangalore,Card
1775,Laptop,Electronics,10371,2,20742,2024-04-30,Delhi,Card
1776,Keyboard,Accessories,34532,5,172660,2024-08-03,Delhi,NetBanking
1777,Camera,Electronics,51315,4,205260,2024-02-23,Bangalore,UPI
1778,Tablet,Electronics,57311,4,229244,2024-01-08,Bangalore,UPI
1779,Smartphone,Electronics,16876,3,50628,2024-03-04,Hyderabad,UPI
1780,Tablet,Electronics,19164,2,38328,2024-06-18,Kolkata,Card
1781,Keyboard,Accessories,1473,2,2946,2024-12-02,Mumbai,UPI
1782,Tablet,Electronics,12216,4,48864,2024-05-14,Kolkata,UPI
1783,Laptop,Electronics,22090,2,44180,2024-08-05,Pune,Cash
1784,Laptop,Electronics,4025,4,16100,2024-12-23,Kolkata,Card
1785,Mouse,Accessories,6026,5,30130,2024-04-14,Kolkata,Card
1786,Laptop,Electronics,25923,1,25923,2024-04-11,Kolkata,NetBanking
1787,Mouse,Accessories,43503,4,174012,2024-02-16,Kolkata,UPI
1788,Headphones,Accessories,19026,1,19026,2024-04-30,Pune,NetBanking
1789,Tablet,Electronics,10064,2,20128,2024-12-06,Bangalore,NetBanking
1790,Printer,Electronics,46318,4,185272,2024-11-01,Hyderabad,Cash
1791,Smartphone,Electronics,19369,4,77476,2024-09-10,Bangalore,NetBanking
1792,Headphones,Accessories,9223,2,18446,2024-04-13,Kolkata,Cash
1793,Mouse,Accessories,4383,5,21915,2024-10-15,Chennai,Card
1794,Printer,Electronics,47361,2,94722,2024-01-31,Hyderabad,Cash
1795,Tablet,Electronics,6707,2,13414,2024-01-01,Delhi,NetBanking
1796,Laptop,Electronics,30668,3,92004,2024-05-18,Kolkata,Card
1797,Headphones,Accessories,59163,1,59163,2024-04-01,Hyderabad,NetBanking
1798,Laptop,Electronics,51945,2,103890,2024-06-05,Chennai,Card
1799,Tablet,Electronics,50353,4,201412,2024-05-03,Chennai,Card
1800,Tablet,Electronics,33849,2,67698,2024-07-17,Bangalore,Cash
1801,Mouse,Accessories,11845,4,47380,2024-12-10,Chennai,Cash
1802,Smartphone,Electronics,13585,5,67925,2024-08-07,Pune,Cash
1803,Camera,Electronics,2527,5,12635,2024-12-04,Jaipur,Cash
1804,Smartwatch,Accessories,52686,4,210744,2024-12-30,Mumbai,Card
1805,Printer,Electronics,42309,4,169236,2024-07-16,Hyderabad,Cash
1806,TV,Electronics,2028,5,10140,2024-07-29,Kolkata,Card
1807,Smartwatch,Accessories,26063,2,52126,2024-09-17,Hyderabad,NetBanking
1808,Smartphone,Electronics,36138,4,144552,2024-02-19,Chennai,Card
1809,Mouse,Accessories,52393,3,157179,2024-08-28,Kolkata,Cash
1810,Tablet,Electronics,12005,3,36015,2024-02-12,Hyderabad,NetBanking
1811,Camera,Electronics,16896,4,67584,2024-01-28,Kolkata,UPI
1812,Mouse,Accessories,39017,4,156068,2024-09-07,Jaipur,UPI
1813,Laptop,Electronics,53228,4,212912,2024-04-16,Kolkata,UPI
1814,Printer,Electronics,15242,4,60968,2024-06-09,Delhi,UPI
1815,Headphones,Accessories,37169,2,74338,2024-08-31,Delhi,NetBanking
1816,TV,Electronics,9357,3,28071,2024-04-15,Kolkata,NetBanking
1817,Smartphone,Electronics,45640,5,228200,2024-11-03,Mumbai,Card
1818,Mouse,Accessories,32011,1,32011,2024-01-18,Chennai,Card
1819,Camera,Electronics,20628,5,103140,2024-05-10,Delhi,UPI
1820,Tablet,Electronics,27017,5,135085,2024-01-07,Pune,Card
1821,Laptop,Electronics,57563,2,115126,2024-01-12,Hyderabad,Card
1822,Printer,Electronics,17135,1,17135,2024-06-10,Delhi,NetBanking
1823,TV,Electronics,37377,4,149508,2024-07-26,Bangalore,NetBanking
1824,Keyboard,Accessories,15950,1,15950,2024-02-14,Pune,UPI
1825,Camera,Electronics,45038,4,180152,2024-10-16,Kolkata,Card
1826,Tablet,Electronics,56335,4,225340,2024-04-09,Delhi,NetBanking
1827,Tablet,Electronics,36026,1,36026,2024-06-06,Kolkata,Cash
1828,Smartwatch,Accessories,27513,1,27513,2024-03-29,Jaipur,UPI
1829,Smartwatch,Accessories,18999,3,56997,2024-04-13,Bangalore,UPI
1830,Mouse,Accessories,25332,5,126660,2024-01-06,Jaipur,Cash
1831,Tablet,Electronics,1989,4,7956,2024-11-13,Pune,NetBanking
1832,Keyboard,Accessories,35761,5,178805,2024-09-16,Delhi,UPI
1833,Smartwatch,Accessories,13402,3,40206,2024-12-15,Pune,NetBanking
1834,Laptop,Electronics,47420,4,189680,2024-12-23,Hyderabad,Card
1835,Tablet,Electronics,32152,3,96456,2024-11-12,Jaipur,NetBanking
1836,Smartphone,Electronics,48107,2,96214,2024-02-23,Kolkata,UPI
1837,Printer,Electronics,56014,5,280070,2024-04-21,Kolkata,UPI
1838,Printer,Electronics,21562,3,64686,2024-11-30,Jaipur,Cash
1839,Mouse,Accessories,48040,5,240200,2024-01-30,Pune,UPI
1840,Camera,Electronics,24373,1,24373,2024-07-13,Kolkata,NetBanking
1841,Keyboard,Accessories,1831,2,3662,2024-01-07,Hyderabad,UPI
1842,Smartwatch,Accessories,35327,1,35327,2024-05-26,Delhi,Card
1843,Smartwatch,Accessories,6917,4,27668,2024-09-19,Chennai,UPI
1844,Keyboard,Accessories,23206,2,46412,2024-06-15,Mumbai,Card
1845,TV,Electronics,56458,3,169374,2024-09-22,Kolkata,Card
1846,Mouse,Accessories,6071,5,30355,2024-08-31,Chennai,Cash
1847,Smartwatch,Accessories,38159,1,38159,2024-07-03,Pune,Card
1848,Tablet,Electronics,24813,2,49626,2024-07-08,Hyderabad,NetBanking
1849,Mouse,Accessories,36160,1,36160,2024-10-27,Chennai,Card
1850,Smartwatch,Accessories,29980,1,29980,2024-05-27,Bangalore,NetBanking
1851,Keyboard,Accessories,38447,3,115341,2024-08-22,Hyderabad,Cash
1852,Camera,Electronics,17167,5,85835,2024-03-07,Kolkata,Cash
1853,TV,Electronics,15679,2,31358,2024-10-22,Kolkata,Cash
1854,Laptop,Electronics,14210,2,28420,2024-01-25,Mumbai,NetBanking
1855,Mouse,Accessories,37941,3,113823,2024-01-05,Hyderabad,Cash
1856,Camera,Electronics,23442,1,23442,2024-12-12,Kolkata,NetBanking
1857,Mouse,Accessories,6599,2,13198,2024-10-27,Hyderabad,UPI
1858,Keyboard,Accessories,12989,5,64945,2024-01-26,Bangalore,NetBanking
1859,Mouse,Accessories,27030,3,81090,2024-05-24,Chennai,UPI
1860,Keyboard,Accessories,49872,3,149616,2024-01-13,Jaipur,UPI
1861,Tablet,Electronics,34114,1,34114,2024-10-04,Jaipur,Cash
1862,Printer,Electronics,54916,1,54916,2024-01-03,Delhi,Card
1863,Keyboard,Accessories,39305,1,39305,2024-04-16,Jaipur,UPI
1864,Laptop,Electronics,22593,4,90372,2024-09-22,Bangalore,Card
1865,Mouse,Accessories,26415,2,52830,2024-12-26,Pune,Card
1866,Headphones,Accessories,56261,2,112522,2024-08-09,Kolkata,UPI
1867,Keyboard,Accessories,6984,4,27936,2024-08-07,Hyderabad,Card
1868,Laptop,Electronics,25103,3,75309,2024-12-22,Chennai,NetBanking
1869,Mouse,Accessories,5475,2,10950,2024-05-07,Bangalore,NetBanking
1870,Mouse,Accessories,15223,2,30446,2024-09-27,Chennai,UPI
1871,Headphones,Accessories,30823,2,61646,2024-12-24,Bangalore,UPI
1872,Smartphone,Electronics,26435,3,79305,2024-06-17,Bangalore,Cash
1873,Camera,Electronics,54640,4,218560,2024-05-10,Bangalore,Cash
1874,Printer,Electronics,45372,2,90744,2024-04-03,Hyderabad,Card
1875,TV,Electronics,59945,5,299725,2024-07-11,Delhi,NetBanking
1876,Smartphone,Electronics,54023,3,162069,2024-02-25,Pune,NetBanking
1877,Smartwatch,Accessories,38747,3,116241,2024-08-29,Pune,NetBanking
1878,TV,Electronics,5582,3,16746,2024-01-20,Bangalore,Cash
1879,Headphones,Accessories,4416,5,22080,2024-07-12,Jaipur,UPI
1880,Tablet,Electronics,19358,5,96790,2024-05-27,Bangalore,Cash
1881,Laptop,Electronics,42198,4,168792,2024-10-10,Bangalore,NetBanking
1882,Tablet,Electronics,28978,5,144890,2024-11-14,Hyderabad,Cash
1883,Keyboard,Accessories,11998,2,23996,2024-03-05,Mumbai,Card
1884,Headphones,Accessories,36180,1,36180,2024-11-28,Hyderabad,Card
1885,Keyboard,Accessories,46421,3,139263,2024-05-10,Bangalore,UPI
1886,Camera,Electronics,58102,2,116204,2024-06-17,Kolkata,NetBanking
1887,Headphones,Accessories,1858,4,7432,2024-08-01,Pune,Cash
1888,Keyboard,Accessories,25088,3,75264,2024-05-28,Kolkata,Cash
1889,TV,Electronics,20736,2,41472,2024-10-22,Jaipur,Cash
1890,Printer,Electronics,40162,5,200810,2024-10-29,Delhi,NetBanking
1891,Headphones,Accessories,26824,3,80472,2024-06-13,Jaipur,Cash
1892,Headphones,Accessories,5562,1,5562,2024-03-27,Delhi,NetBanking
1893,Mouse,Accessories,56683,1,56683,2024-10-22,Hyderabad,UPI
1894,Tablet,Electronics,57346,3,172038,2024-02-29,Delhi,NetBanking
1895,TV,Electronics,41726,4,166904,2024-06-19,Bangalore,Card
1896,Smartphone,Electronics,22429,3,67287,2024-06-10,Jaipur,Cash
1897,Smartwatch,Accessories,47652,3,142956,2024-03-10,Hyderabad,Card
1898,Headphones,Accessories,7515,4,30060,2024-08-07,Kolkata,Card
1899,Camera,Electronics,55102,2,110204,2024-09-11,Kolkata,Cash
1900,Camera,Electronics,6947,3,20841,2024-06-28,Delhi,Card
1901,Smartphone,Electronics,40558,3,121674,2024-08-02,Pune,NetBanking
1902,Camera,Electronics,43739,2,87478,2024-11-24,Delhi,Cash
1903,Camera,Electronics,39047,4,156188,2024-02-02,Bangalore,Card
1904,Headphones,Accessories,23495,2,46990,2024-04-03,Jaipur,UPI
1905,Mouse,Accessories,47388,3,142164,2024-06-12,Delhi,Cash
1906,TV,Electronics,34997,2,69994,2024-03-19,Kolkata,UPI
1907,Mouse,Accessories,31584,3,94752,2024-05-25,Delhi,Card
1908,Camera,Electronics,30516,1,30516,2024-03-22,Delhi,Card
1909,Headphones,Accessories,21464,1,21464,2024-06-11,Pune,NetBanking
1910,Printer,Electronics,6011,4,24044,2024-06-05,Chennai,Cash
1911,Laptop,Electronics,4189,5,20945,2024-06-05,Mumbai,Cash
1912,Mouse,Accessories,37428,4,149712,2024-07-10,Jaipur,UPI
1913,Laptop,Electronics,2561,3,7683,2024-09-11,Bangalore,UPI
1914,Smartphone,Electronics,28458,2,56916,2024-01-08,Jaipur,UPI
1915,Printer,Electronics,5651,2,11302,2024-05-27,Jaipur,UPI
1916,Printer,Electronics,24194,2,48388,2024-12-13,Chennai,Cash
1917,Keyboard,Accessories,3235,2,6470,2024-05-14,Chennai,Card
1918,Mouse,Accessories,8551,2,17102,2024-09-07,Jaipur,NetBanking
1919,Smartwatch,Accessories,28674,2,57348,2024-11-06,Pune,UPI
1920,Printer,Electronics,21333,4,85332,2024-12-14,Mumbai,UPI
1921,Smartwatch,Accessories,15491,5,77455,2024-03-07,Chennai,NetBanking
1922,Camera,Electronics,2401,2,4802,2024-03-28,Delhi,NetBanking
1923,Laptop,Electronics,24326,1,24326,2024-10-27,Chennai,UPI
1924,Tablet,Electronics,27283,1,27283,2024-11-13,Mumbai,Cash
1925,Camera,Electronics,33255,4,133020,2024-08-05,Bangalore,UPI
1926,Smartwatch,Accessories,27321,2,54642,2024-09-30,Kolkata,UPI
1927,Smartwatch,Accessories,19830,1,19830,2024-11-15,Jaipur,Cash
1928,Headphones,Accessories,35476,5,177380,2024-06-28,Jaipur,UPI
1929,Tablet,Electronics,9661,5,48305,2024-06-15,Kolkata,Card
1930,Camera,Electronics,1642,4,6568,2024-01-17,Bangalore,UPI
1931,Keyboard,Accessories,3467,4,13868,2024-07-06,Delhi,NetBanking
1932,Headphones,Accessories,30280,5,151400,2024-01-17,Hyderabad,Card
1933,Keyboard,Accessories,34087,5,170435,2024-04-10,Jaipur,Cash
1934,Smartphone,Electronics,9152,3,27456,2024-04-05,Kolkata,UPI
1935,Smartwatch,Accessories,46561,3,139683,2024-01-25,Kolkata,UPI
1936,Smartwatch,Accessories,49073,1,49073,2024-01-21,Chennai,Cash
1937,Smartwatch,Accessories,32584,2,65168,2024-01-21,Bangalore,UPI
1938,Camera,Electronics,41599,5,207995,2024-12-30,Mumbai,Cash
1939,Mouse,Accessories,10689,1,10689,2024-06-23,Mumbai,Cash
1940,Smartwatch,Accessories,32342,3,97026,2024-12-02,Mumbai,NetBanking
1941,Camera,Electronics,31760,5,158800,2024-07-19,Delhi,NetBanking
1942,TV,Electronics,23257,4,93028,2024-09-02,Bangalore,Card
1943,TV,Electronics,57308,2,114616,2024-03-12,Jaipur,Cash
1944,Keyboard,Accessories,45784,3,137352,2024-04-05,Mumbai,Card
1945,Mouse,Accessories,43984,3,131952,2024-10-30,Kolkata,Cash
1946,Printer,Electronics,41620,5,208100,2024-02-20,Chennai,UPI
1947,TV,Electronics,12596,5,62980,2024-09-22,Jaipur,UPI
1948,Smartphone,Electronics,19195,5,95975,2024-07-07,Bangalore,NetBanking
1949,Laptop,Electronics,10312,4,41248,2024-01-05,Bangalore,Cash
1950,TV,Electronics,12685,4,50740,2024-05-24,Delhi,NetBanking
1951,Printer,Electronics,8830,1,8830,2024-04-17,Bangalore,Card
1952,TV,Electronics,9869,4,39476,2024-08-12,Kolkata,Cash
1953,Camera,Electronics,49159,4,196636,2024-01-07,Kolkata,Card
1954,Smartphone,Electronics,42980,4,171920,2024-07-02,Delhi,NetBanking
1955,Keyboard,Accessories,32096,4,128384,2024-08-22,Hyderabad,Card
1956,Tablet,Electronics,21668,4,86672,2024-05-07,Hyderabad,Card
1957,Tablet,Electronics,12920,5,64600,2024-06-23,Bangalore,Cash
1958,Tablet,Electronics,39005,1,39005,2024-03-18,Mumbai,Cash
1959,Printer,Electronics,44501,5,222505,2024-02-23,Mumbai,NetBanking
1960,Smartphone,Electronics,30345,2,60690,2024-01-15,Mumbai,NetBanking
1961,Smartphone,Electronics,10015,1,10015,2024-07-10,Delhi,NetBanking
1962,Printer,Electronics,53989,4,215956,2024-02-03,Mumbai,UPI
1963,Tablet,Electronics,58322,2,116644,2024-11-07,Bangalore,Card
1964,Tablet,Electronics,2711,1,2711,2024-12-30,Kolkata,UPI
1965,TV,Electronics,19335,5,96675,2024-03-19,Hyderabad,Card
1966,Smartwatch,Accessories,58943,5,294715,2024-12-13,Chennai,Cash
1967,Tablet,Electronics,37103,4,148412,2024-04-21,Jaipur,NetBanking
1968,Printer,Electronics,14652,2,29304,2024-02-05,Bangalore,Cash
1969,Headphones,Accessories,50625,1,50625,2024-01-29,Jaipur,UPI
1970,Headphones,Accessories,59321,1,59321,2024-06-15,Chennai,Card
1971,Laptop,Electronics,52588,4,210352,2024-09-27,Delhi,Cash
1972,Keyboard,Accessories,20105,5,100525,2024-05-20,Hyderabad,NetBanking
1973,Camera,Electronics,21408,2,42816,2024-04-02,Jaipur,NetBanking
1974,Camera,Electronics,46655,4,186620,2024-10-12,Delhi,NetBanking
1975,Camera,Electronics,53771,5,268855,2024-08-25,Kolkata,Card
1976,Printer,Electronics,33262,4,133048,2024-10-11,Kolkata,Card
1977,Headphones,Accessories,3229,1,3229,2024-01-13,Chennai,Cash
1978,Smartphone,Electronics,56708,1,56708,2024-09-21,Hyderabad,Cash
1979,Smartwatch,Accessories,23434,1,23434,2024-03-02,Delhi,Cash
1980,Headphones,Accessories,33314,2,66628,2024-05-01,Delhi,UPI
1981,Smartwatch,Accessories,48859,4,195436,2024-10-11,Chennai,Card
1982,Tablet,Electronics,22526,1,22526,2024-09-03,Jaipur,NetBanking
1983,Mouse,Accessories,6054,5,30270,2024-09-17,Bangalore,Card
1984,Mouse,Accessories,26192,4,104768,2024-12-03,Jaipur,Card
1985,Printer,Electronics,1345,2,2690,2024-02-12,Bangalore,NetBanking
1986,Printer,Electronics,40612,3,121836,2024-06-18,Bangalore,UPI
1987,TV,Electronics,41832,5,209160,2024-12-15,Chennai,Card
1988,Smartwatch,Accessories,53300,1,53300,2024-03-31,Mumbai,Cash
1989,Laptop,Electronics,19243,3,57729,2024-09-05,Chennai,Cash
1990,Mouse,Accessories,5696,3,17088,2024-12-28,Kolkata,Cash
1991,Printer,Electronics,23337,1,23337,2024-09-06,Kolkata,Cash
1992,Camera,Electronics,21182,4,84728,2024-01-31,Bangalore,Cash
1993,Keyboard,Accessories,23425,4,93700,2024-04-12,Hyderabad,Card
1994,Mouse,Accessories,12959,2,25918,2024-08-16,Bangalore,UPI
1995,TV,Electronics,1197,1,1197,2024-06-08,Jaipur,UPI
1996,Mouse,Accessories,33334,4,133336,2024-08-10,Pune,Card
1997,Printer,Electronics,33282,3,99846,2024-06-11,Kolkata,NetBanking
1998,TV,Electronics,33469,3,100407,2024-10-22,Chennai,Cash
1999,Smartwatch,Accessories,33720,5,168600,2024-07-25,Pune,UPI
